file_id,true_label,true_name,pred_label,pred_name,correct,confidence,cam_mean,cam_p95,cam_peak,mtl_mass_frac,hipp_mass_frac
ADNI-2025_S_P83F6BB_AD_F_Accelerated_Sagittal_MPRAGE_(MSV21)_ws,2,AD,2,AD,1,1.0,0.20962481200695038,0.3515594363212585,0.4204638600349426,0.026488599163600537,0.009588409767367434
ADNI-0432_S_P3FCB90_MCI_F_Sagittal_3D_Accelerated_0_angle_MPRAGE_ws,1,MCI,2,AD,0,0.8207166194915771,0.07229393720626831,0.1342995211482048,0.180230513215065,0.02617155546177289,0.009909148447640195
ADNI-1040_S_PB8AEC4_CN_F_Accelerated_Sagittal_MPRAGE_(MSV21)_ws,0,CN,0,CN,1,1.0,0.2691197395324707,0.43294788300991055,0.5152389407157898,0.024682778817980974,0.008845416156136009
ADNI-1039_S_PED2F66_CN_M_Accelerated_Sagittal_MPRAGE_(MSV21)_ws,0,CN,0,CN,1,1.0,0.16158552467823029,0.23968718200922012,0.28266385197639465,0.023747713782634242,0.008611749835449177
ADNI-0979_S_P5A257D_CN_M_Accelerated_Sagittal_MPRAGE_(MSV21)_ws,0,CN,0,CN,1,1.0,0.17221558094024658,0.2785521775484085,0.350067675113678,0.025083552914000908,0.008947866463170983
ADNI-2005_S_PAF6724_MCI_M_Accelerated_Sagittal_MPRAGE_(MSV21)_ws,1,MCI,1,MCI,1,0.9997327923774719,0.13576750457286835,0.2543934941291809,0.31291231513023376,0.02300476800278496,0.008030613851866587
ADNI-1608_S_PCDBC60_AD_F_MPRAGE_SENSE2_ws,2,AD,2,AD,1,0.5451703071594238,0.034224435687065125,0.0559556521475315,0.07942251861095428,0.014438318010773513,0.005773166026800023
ADNI-1423_S_P93D8A1_MCI_M_Accelerated_Sagittal_MPRAGE_(MSV21)_ws,1,MCI,1,MCI,1,0.9999997615814209,0.14592228829860687,0.2726315438747406,0.32392770051956177,0.027084724922112672,0.009373518761901959
ADNI-1644_S_PCCA39A_MCI_M_Sagittal_3D_Accelerated_MPRAGE_ws,1,MCI,1,MCI,1,0.9999791383743286,0.1279476284980774,0.2562943190336227,0.3326878547668457,0.03031894319515003,0.010675293923367364
ADNI-0477_S_PDA6FD4_CN_M_Accelerated_Sag_IR-FSPGR_ws,0,CN,0,CN,1,1.0,0.22115835547447205,0.40829606354236603,0.5177232623100281,0.027890100174263896,0.009668280368262233
ADNI-1990_S_P641B98_MCI_F_Accelerated_Sagittal_MPRAGE_(MSV21)_ws,1,MCI,1,MCI,1,1.0,0.16824649274349213,0.3098082900047302,0.3751041293144226,0.025992020069817365,0.009097429250255234
ADNI-1180_S_P831F5B_MCI_F_Accelerated_Sagittal_MPRAGE_(MSV21)_ws,1,MCI,1,MCI,1,1.0,0.16346293687820435,0.30651220381259914,0.37803274393081665,0.022176745032775575,0.00771852328832548
ADNI-0125_S_P8BC2C7_AD_M_MPRAGE_ws,2,AD,2,AD,1,0.997996985912323,0.07158709317445755,0.11758648976683615,0.14918571710586548,0.021456661870308178,0.008544139396023524
ADNI-1400_S_PA12117_CN_F_Accelerated_Sagittal_MPRAGE_ws,0,CN,0,CN,1,1.0,0.17389017343521118,0.26357996463775635,0.3288861811161041,0.023884679350263848,0.008609368159693877
ADNI-0164_S_P56B01A_AD_M_Sag_IR-SPGR_ws,2,AD,2,AD,1,0.9999854564666748,0.09494184702634811,0.15550566166639326,0.1976093351840973,0.027576012904860413,0.010306334897465453
ADNI-2043_S_P2F75A8_AD_F_Accelerated_Sagittal_MPRAGE_(MSV21)_ws,2,AD,2,AD,1,0.9335725903511047,0.04347962886095047,0.07560932934284202,0.09558834880590439,0.022240553890510797,0.008621055008592666
ADNI-2033_S_P26CA6E_AD_F_Accelerated_Sagittal_MPRAGE_(MSV21)_ws,2,AD,2,AD,1,0.997885525226593,0.0916590765118599,0.15077883899211883,0.19977489113807678,0.02488874192502209,0.009215013610043047
ADNI-0628_S_P7C2101_CN_F_Accelerated_Sagittal_IR-FSPGR_ws,0,CN,0,CN,1,1.0,0.19146014750003815,0.3437118172645568,0.4252103865146637,0.027228544234593987,0.00957728929708754
ADNI-0156_S_PB43C7E_MCI_M_Accelerated_SAG_IR-SPGR_ws,1,MCI,1,MCI,1,0.5447431802749634,0.05763837322592735,0.12340449318289756,0.16894635558128357,0.02581997695022099,0.009143978728447208
ADNI-1437_S_P08AC7C_CN_M_MPRAGE_GRAPPA2_ws,0,CN,0,CN,1,0.9959319233894348,0.07958085089921951,0.18220027238130568,0.26009470224380493,0.011348585170702726,0.003965111015652821
ADNI-1260_S_PF8C0C8_AD_M_Sag_IR-SPGR_ws,2,AD,2,AD,1,0.999833345413208,0.06725699454545975,0.14918031394481654,0.1835213452577591,0.02175401840184701,0.008388332079799696
ADNI-1612_S_P2EB126_AD_F_MPRAGE_ws,2,AD,1,MCI,0,0.9999988079071045,0.12842319905757904,0.21445667743682856,0.2756679654121399,0.025551612954557625,0.009312034434807308
ADNI-0199_S_PF3479B_MCI_M_HS_Sagittal_MPRAGE_(MSV22)_ws,1,MCI,1,MCI,1,0.999535083770752,0.08643665909767151,0.13903766274452206,0.16963954269886017,0.020993815222558148,0.007772283512610094
ADNI-1308_S_P34E65D_MCI_M_Sag_Accel_IR-FSPGR_ws,1,MCI,1,MCI,1,0.9999934434890747,0.12403570115566254,0.22595430612564082,0.27355843782424927,0.029077103436272577,0.010130759104695396
ADNI-0127_S_P57D71F_AD_M_MPRAGE_SENSE2_ws,2,AD,2,AD,1,1.0,0.12623296678066254,0.21906175315380094,0.2687278091907501,0.023930790048743013,0.00879170826229271
ADNI-0291_S_PF9E504_AD_M_MPRAGE_GRAPPA2_ws,2,AD,2,AD,1,0.999998927116394,0.11480356007814407,0.19036176055669776,0.24349403381347656,0.024908221695590916,0.009494005430222063
ADNI-1601_S_P2899E7_MCI_F_Accelerated_Sagittal_MPRAGE_(MSV21)_ws,1,MCI,1,MCI,1,1.0,0.17001973092556,0.24535256624221796,0.2962746024131775,0.021624734349719673,0.008099450255621546
ADNI-0734_S_PD83B9D_AD_F_Accelerated_Sagittal_MPRAGE_(MSV21)_ws,2,AD,2,AD,1,1.0,0.14523166418075562,0.2512790024280548,0.3077242970466614,0.026374219755214964,0.009702904152959933
ADNI-1276_S_P7F0142_AD_M_Accelerated_Sagittal_MPRAGE_ws,2,AD,2,AD,1,1.0,0.14762048423290253,0.2653574466705322,0.32048970460891724,0.029608300544536243,0.01079179090469393
ADNI-1498_S_PD906AD_AD_M_Accelerated_Sagittal_IR-FSPGR_ws,2,AD,2,AD,1,0.9999988079071045,0.10051242262125015,0.15898465961217878,0.18159076571464539,0.02198703181431132,0.008379028793499903
ADNI-1242_S_P84AF8F_CN_M_MPRAGE_GRAPPA2_ws,0,CN,0,CN,1,1.0,0.1755196452140808,0.31388394832611083,0.36307093501091003,0.023042750972936676,0.008036307748656641
ADNI-1232_S_PC600BF_MCI_F_Accelerated_Sagittal_MPRAGE_(MSV21)_ws,1,MCI,2,AD,0,0.6849429607391357,0.049020715057849884,0.08582485988736152,0.10650607198476791,0.02292449924525346,0.008461211455885366
ADNI-0833_S_P415B9A_AD_F_Accelerated_Sagittal_MPRAGE_Phase_A-P_ws,2,AD,2,AD,1,0.999946117401123,0.07570753246545792,0.130207259953022,0.1630566567182541,0.021580737568558845,0.00840361454826909
ADNI-0676_S_P26375E_CN_F_Accelerated_Sagittal_MPRAGE_(MSV21)_ws,0,CN,0,CN,1,0.999993085861206,0.13213016092777252,0.23039264827966685,0.29052335023880005,0.026709246697376912,0.009349381633266266
ADNI-1624_S_P450BE4_AD_F_Sagittal_3D_Accelerated_MPRAGE_ws,2,AD,1,MCI,0,0.7130801677703857,0.07805950939655304,0.14688931703567504,0.18947044014930725,0.02419145955335005,0.008520582785047822
ADNI-0422_S_PDC863B_AD_M_MPRAGE_SENSE2_ws,2,AD,2,AD,1,0.9962978959083557,0.09048750251531601,0.13231299966573715,0.1634996384382248,0.01640526046801258,0.006237242180398159
ADNI-0893_S_P73CF14_MCI_M_Accelerated_Sagittal_MPRAGE_ws,1,MCI,1,MCI,1,0.9999991655349731,0.16615091264247894,0.36582161188125606,0.4257811903953552,0.028301931550936466,0.009595729535404583
ADNI-1037_S_P63037C_MCI_F_Accelerated_Sagittal_MPRAGE_(MSV21)_ws,1,MCI,1,MCI,1,0.9968208074569702,0.0737079307436943,0.12065558731555938,0.14470282196998596,0.02256249030910053,0.007764286916365102
ADNI-0891_S_P223C27_MCI_F_Accelerated_Sagittal_MPRAGE_ws,1,MCI,1,MCI,1,1.0,0.14844435453414917,0.28287396430969236,0.33464592695236206,0.02682074489462799,0.00925514600478824
ADNI-0685_S_P26B71B_AD_F_MPRAGE_SENSE2_ws,2,AD,2,AD,1,0.8872642517089844,0.06505151838064194,0.09111838042736053,0.11165095865726471,0.015481044060198469,0.006149109209332875
ADNI-0729_S_P1A792C_MCI_F_Accelerated_Sagittal_MPRAGE_(MSV21)_ws,1,MCI,1,MCI,1,1.0,0.1547623574733734,0.27839615046977995,0.33949774503707886,0.029475128166333176,0.010408648272444872
ADNI-1488_S_P5F4EA8_MCI_M_Accelerated_Sagittal_IR-FSPGR_(MSV21)_ws,1,MCI,1,MCI,1,0.9999638795852661,0.10221821069717407,0.18702846765518188,0.2516867518424988,0.0222835352454916,0.0077589894432623235
ADNI-0583_S_PB4566D_CN_F_Accelerated_Sagittal_MPRAGE_(MSV21)_ws,0,CN,0,CN,1,0.9999474287033081,0.17974001169204712,0.31647308468818663,0.3576411306858063,0.02102862996608844,0.007414097154375892
ADNI-1401_S_P441C34_AD_M_Accelerated_Sagittal_MPRAGE_ws,2,AD,2,AD,1,0.999998927116394,0.10192768275737762,0.17376309931278217,0.21738401055335999,0.026703044416365604,0.009822384903738603
ADNI-1701_S_P42D5B7_AD_F_MPRAGE_ws,2,AD,2,AD,1,1.0,0.1380998194217682,0.19736536145210265,0.22533833980560303,0.023453097927331405,0.008807779363456994
ADNI-0401_S_PC01846_CN_F_Sagittal_3D_Accelerated_MPRAGE_(MSV21)_ws,0,CN,0,CN,1,0.9999986886978149,0.19645428657531738,0.3576102465391159,0.40409335494041443,0.023461570393760223,0.00815710609748978
ADNI-1073_S_P46EAC0_MCI_F_Accelerated_Sagittal_MPRAGE_ws,1,MCI,1,MCI,1,0.9999547004699707,0.10463182628154755,0.2192950159311294,0.27151528000831604,0.02586197782587238,0.008887599452878495
ADNI-1243_S_P35A748_AD_M_MPRAGE_ws,2,AD,2,AD,1,0.9999951124191284,0.09487736225128174,0.1559917315840721,0.19544148445129395,0.028038766842060615,0.010351173948485531
ADNI-2000_S_P766DD6_MCI_M_Accelerated_Sagittal_MPRAGE_(MSV21)_ws,1,MCI,1,MCI,1,1.0,0.18881094455718994,0.334334260225296,0.4037335515022278,0.028573307174030504,0.010039178996307449
ADNI-1192_S_PA90059_CN_M_Accelerated_Sagittal_MPRAGE_(MSV21)_ws,0,CN,0,CN,1,1.0,0.20294594764709473,0.34447795748710625,0.4139328896999359,0.024295376311651212,0.008583247571878819
ADNI-1077_S_P41274D_MCI_M_MPRAGE_ws,1,MCI,0,CN,0,0.9999998807907104,0.22384338080883026,0.38105648458003993,0.4785129129886627,0.027452879512717958,0.009728696492381693
ADNI-0306_S_P4F5CDF_CN_M_Accelerated_Sagittal_MPRAGE_ws,0,CN,0,CN,1,1.0,0.17692916095256805,0.2799313753843307,0.3427739441394806,0.024060181421781117,0.008592123039149639
ADNI-0417_S_PB5AE2F_AD_F_MPRAGE_SENSE2_ws,2,AD,2,AD,1,0.9999904632568359,0.07899777591228485,0.1288013398647308,0.1846380978822708,0.018121967536573035,0.006869290252989045
ADNI-1930_S_PB325E0_MCI_M_Accelerated_Sagittal_MPRAGE_ws,1,MCI,1,MCI,1,1.0,0.18958167731761932,0.35738525986671443,0.40414610505104065,0.02635245242667954,0.009175458203592519
ADNI-0736_S_PBEDFB5_CN_M_Accelerated_Sagittal_MPRAGE_(MSV21)_ws,0,CN,0,CN,1,0.9998849630355835,0.1268787533044815,0.21351839303970332,0.2679053843021393,0.01925267491241971,0.007064019603985883
ADNI-0282_S_PD1DD2C_AD_F_Accelerated_Sagittal_MPRAGE_(MSV21)_ws,2,AD,2,AD,1,1.0,0.1225561872124672,0.17665003091096873,0.210558220744133,0.023681478521998076,0.008818565138748067
ADNI-0229_S_P1EFCEA_CN_M_Accelerated_Sagittal_MPRAGE_ws,0,CN,0,CN,1,0.9999998807907104,0.12808915972709656,0.20959441661834716,0.2639828324317932,0.021488889064597522,0.00760632019559885
ADNI-1016_S_P6F605B_MCI_F_MPRAGE_ws,1,MCI,1,MCI,1,0.9999967813491821,0.16053935885429382,0.272018015384674,0.3339562714099884,0.028827378739346793,0.010260620471090684
ADNI-0725_S_P3A31C6_MCI_M_MPRAGE_Repeat_ws,1,MCI,0,CN,0,0.8198089599609375,0.10434532910585403,0.16748183369636532,0.22328753769397736,0.0200128050983694,0.007230450012842251
ADNI-0232_S_PB05672_AD_F_MPRAGE_ws,2,AD,2,AD,1,1.0,0.1843298077583313,0.3056972682476043,0.361190527677536,0.02759904026239636,0.010083642185378234
ADNI-0452_S_P814F44_CN_F_Accelerated_Sag_IR-FSPGR_(MSV21)_ws,0,CN,0,CN,1,1.0,0.23326122760772705,0.4294762283563613,0.5338932275772095,0.026375737787193404,0.009124852622989489
ADNI-0129_S_P80F747_CN_F_CS_Sagittal_MPRAGE_(MSV22)_ws,0,CN,0,CN,1,0.9960391521453857,0.09039109200239182,0.17002502679824827,0.2411387413740158,0.018688372450814488,0.006632649069145109
ADNI-0578_S_PA0EE2B_AD_F_MPRAGE_GRAPPA2_ws,2,AD,2,AD,1,0.9998632669448853,0.10007622838020325,0.1462541118264198,0.16451731324195862,0.023723312037537213,0.009051488291884943
ADNI-0227_S_P521621_CN_F_MPRAGE_GRAPPA2_ws,0,CN,0,CN,1,0.9992714524269104,0.11270543187856674,0.19388697892427437,0.2517532706260681,0.019478291990696908,0.006888052668608152
ADNI-2100_S_P486D6C_CN_M_Accelerated_Sagittal_MPRAGE_ws,0,CN,0,CN,1,1.0,0.14859963953495026,0.29611364901065823,0.34160032868385315,0.023820362237378916,0.008171837251352294
ADNI-0482_S_PD5ED61_CN_M_Accelerated_Sag_IR-FSPGR_(MSV21)_ws,0,CN,0,CN,1,0.9999998807907104,0.128883957862854,0.28049927949905396,0.324195921421051,0.021142095999387555,0.006951201466180389
ADNI-1587_S_P35CB75_AD_F_MPRAGE_SENSE_repeat_ws,2,AD,2,AD,1,0.8209675550460815,0.04375855624675751,0.06978728026151657,0.10335816442966461,0.012990203591695778,0.0050249682233541385
ADNI-0231_S_PEF0BC0_AD_F_MPRAGE_GRAPPA2_ws,2,AD,2,AD,1,1.0,0.1407446563243866,0.23891055136919012,0.2878275215625763,0.024862662781171548,0.00921281089227288
ADNI-1956_S_P8B016D_MCI_M_Accelerated_Sagittal_MPRAGE_(MSV21)_ws,1,MCI,1,MCI,1,0.6785643696784973,0.06631344556808472,0.11957244500517844,0.15009960532188416,0.020568606153019912,0.007337391074947116
ADNI-0570_S_P5D780C_MCI_F_Accelerated_Sagittal_MPRAGE_ws,1,MCI,1,MCI,1,0.8983971476554871,0.20250830054283142,0.3298541754484176,0.4094673991203308,0.020301277132707372,0.007323944421154832
ADNI-1365_S_P8D2FCB_CN_M_Sag_IR-SPGR_ws,0,CN,1,MCI,0,0.999998927116394,0.1623121201992035,0.27886573970317835,0.317839652299881,0.02882600292186669,0.010562198134786354
ADNI-0218_S_P724FD5_AD_M_Accelerated_Sagittal_MPRAGE_(MSV21)_ws,2,AD,2,AD,1,1.0,0.16331663727760315,0.25805494785308836,0.31284424662590027,0.025741335388477067,0.009553130264964488
ADNI-1693_S_P15E6CF_AD_M_MPRAGE_ws,2,AD,2,AD,1,1.0,0.15754564106464386,0.24968802481889718,0.3111899495124817,0.025736383292095474,0.009370769667030474
ADNI-0209_S_P78C607_CN_F_MPRAGE_ws,0,CN,0,CN,1,1.0,0.20048126578330994,0.3423845618963241,0.3897857069969177,0.02268144586402043,0.00795674148374155
ADNI-0701_S_PAE1EB3_CN_M_MPRAGE_ws,0,CN,2,AD,0,0.9773527383804321,0.06420645862817764,0.10504458472132683,0.14203612506389618,0.021600834268259022,0.008154816376925583
ADNI-0141_S_P3D4447_MCI_M_Sagittal_3D_Accelerated_MPRAGE_ws,1,MCI,0,CN,0,0.9410653114318848,0.06732980161905289,0.1476554498076439,0.20651587843894958,0.025263281680478065,0.008776575528411878
ADNI-0722_S_P96C86C_AD_F_MPRAGE_Repeat_ws,2,AD,2,AD,1,0.9999995231628418,0.11174534261226654,0.16551349312067024,0.1931416541337967,0.024129630101818858,0.009150201660493922
ADNI-1816_S_PBF3ACA_MCI_M_CS_Sagittal_MPRAGE_(MSV22)_ws,1,MCI,1,MCI,1,0.9999990463256836,0.15436066687107086,0.2678054481744766,0.31198176741600037,0.02233073606957157,0.007795061849736334
ADNI-0556_S_PB0BA8B_AD_M_MPRAGE_ws,2,AD,2,AD,1,0.9999990463256836,0.1501682996749878,0.23876798003911967,0.28400492668151855,0.02433459351747545,0.00898969476934056
ADNI-1220_S_PB32196_MCI_F_Accelerated_Sagittal_MPRAGE_(MSV21)_ws,1,MCI,1,MCI,1,0.9900591969490051,0.11599404364824295,0.18135470300912854,0.22545213997364044,0.026085629522122383,0.009326164958875244
ADNI-0694_S_P218393_CN_M_Accelerated_Sagittal_MPRAGE_(MSV21)_ws,0,CN,0,CN,1,0.9995531439781189,0.15669386088848114,0.2902360141277313,0.33074265718460083,0.01870099641848594,0.006771573820567398
ADNI-1225_S_P962B85_CN_F_Accelerated_Sagittal_MPRAGE_(MSV21)_ws,0,CN,1,MCI,0,0.6078172326087952,0.10067927092313766,0.18555927872657774,0.2118608057498932,0.023056593253452502,0.007945145572338452
ADNI-1131_S_P779760_MCI_M_Accelerated_Sagittal_MPRAGE_ws,1,MCI,1,MCI,1,0.9999880790710449,0.12698505818843842,0.2365733876824378,0.2847766578197479,0.026740657641839236,0.009436684451388642
ADNI-0206_S_PECB8D5_AD_M_MPRAGE_SENSE2_ws,2,AD,2,AD,1,0.9999995231628418,0.0972507894039154,0.15896033495664594,0.1853325068950653,0.014041552156921119,0.005503489044023212
ADNI-0286_S_PE822CC_CN_M_Accelerated_Sagittal_MPRAGE_(MSV21)_ws,0,CN,0,CN,1,0.9999990463256836,0.1538095325231552,0.2726768761873245,0.3211747705936432,0.019662051960689975,0.007022794536914839
ADNI-0195_S_PB60296_MCI_M_HS_Sagittal_MPRAGE_(MSV22)_ws,1,MCI,0,CN,0,0.948314368724823,0.11569419503211975,0.27477682828903194,0.31953760981559753,0.01758463153207917,0.005649756214717489
ADNI-1533_S_PC589AB_CN_F_Accelerated_Sagittal_IR-FSPGR_ws,0,CN,0,CN,1,1.0,0.20926988124847412,0.37154286205768583,0.4227851927280426,0.024560521084697827,0.008620543817576692
ADNI-0617_S_P2E894C_AD_F_MPRAGE_ws,2,AD,2,AD,1,0.9999996423721313,0.11969906091690063,0.1698664844036102,0.21305200457572937,0.02331658603918374,0.008710442337047297
ADNI-0761_S_P919B0B_AD_M_Accelerated_Sagittal_MPRAGE_(MSV21)_ws,2,AD,2,AD,1,0.9997461438179016,0.09649777412414551,0.17625494748353956,0.222050279378891,0.027445122128703422,0.010520986022589178
ADNI-1996_S_P715C0B_MCI_M_Accelerated_Sagittal_MPRAGE_(MSV21)_ws,1,MCI,1,MCI,1,0.999725878238678,0.11183985322713852,0.20992890447378157,0.2779332995414734,0.02070571307248167,0.007165179708780245
ADNI-0267_S_PED0AC3_CN_M_MPRAGE_ND_ws,0,CN,0,CN,1,0.9999994039535522,0.1287965625524521,0.18731404840946195,0.22824564576148987,0.02190841294827945,0.008003734516054151
ADNI-0633_S_PC654CB_CN_M_Accelerated_Sagittal_MPRAGE_(MSV22)_ws,0,CN,1,MCI,0,0.8864684104919434,0.07608506828546524,0.1432005792856216,0.18115168809890747,0.023338398705744695,0.0086061811313162
ADNI-0029_S_PADB525_CN_M_Accelerated_Sagittal_MPRAGE_ws,0,CN,0,CN,1,0.9998020529747009,0.1129077598452568,0.225995211303234,0.3130834400653839,0.01551625323160592,0.005726031638163472
ADNI-0790_S_PD0482C_CN_M_Accelerated_Sagittal_MPRAGE_ws,0,CN,0,CN,1,0.9829386472702026,0.13306377828121185,0.24341075867414474,0.28099876642227173,0.01803826293315952,0.006457699918724924
ADNI-1604_S_P2924FC_CN_M_MPRAGE_SENSE2_ws,0,CN,0,CN,1,0.9967986345291138,0.09998870640993118,0.20641832202672955,0.26328930258750916,0.01612985982428809,0.005805197588226677
ADNI-1456_S_P24037A_CN_M_CS_Sagittal_MPRAGE_(MSV22)_ws,0,CN,0,CN,1,1.0,0.2236155867576599,0.43184606134891496,0.5331044793128967,0.027017477061394662,0.009283796876138577
ADNI-1474_S_P096BAE_CN_F_MPRAGE_ws,0,CN,0,CN,1,1.0,0.19207359850406647,0.29786007702350614,0.3674698770046234,0.02547690644229418,0.009184691654846758
ADNI-0122_S_PB71484_CN_F_MPRAGE_ws,0,CN,2,AD,0,0.999387264251709,0.05719738081097603,0.12619597315788267,0.1666165143251419,0.0127568386255805,0.005079581114693323
ADNI-1942_S_PC8948D_AD_M_Accelerated_Sagittal_MPRAGE_(MSV21)_ws,2,AD,2,AD,1,0.9987848401069641,0.09812673181295395,0.15115315318107603,0.18074125051498413,0.02511789238539114,0.009612329656334654
ADNI-1872_S_PA4A69B_CN_M_Sagittal_3D_Accelerated_MPRAGE_ws,0,CN,0,CN,1,0.9999948740005493,0.14094018936157227,0.2915545612573623,0.35723012685775757,0.02136830219811666,0.00727458590014911
ADNI-0497_S_P783FA4_CN_F_Accelerated_Sagittal_MPRAGE_(MSV21)_ws,0,CN,0,CN,1,1.0,0.18966448307037354,0.3254669874906539,0.36922213435173035,0.022363570438166787,0.007915898721930477
ADNI-1285_S_P1A0040_CN_F_HS_Sagittal_MPRAGE_(MSV22)_ws,0,CN,1,MCI,0,0.9952968955039978,0.08064812421798706,0.12536854743957504,0.1680547595024109,0.0180932563305944,0.006610441212404814
ADNI-1266_S_P6A479D_AD_F_Accelerated_SAG_IR-SPGR_ws,2,AD,2,AD,1,0.9757451415061951,0.06493672728538513,0.11499033123254776,0.14113427698612213,0.024142535129247987,0.009664230040166923
ADNI-1345_S_P50EA9B_CN_F_MPRAGE_SENSE_ws,0,CN,1,MCI,0,0.9991042017936707,0.13931040465831757,0.24617583751678462,0.28038233518600464,0.030116398267787295,0.010864963427352912
ADNI-1064_S_PB35FC6_MCI_M_Accelerated_Sag_IR-FSPGR_ws,1,MCI,2,AD,0,0.9077826738357544,0.06891722232103348,0.15047367364168165,0.18284150958061218,0.023936432989704187,0.009504658987779378
ADNI-1074_S_P2EFDE9_MCI_M_Accelerated_Sagittal_MPRAGE_(MSV21)_ws,1,MCI,1,MCI,1,1.0,0.17634233832359314,0.3203934252262115,0.3739689886569977,0.028269205007830797,0.009919447921338947
ADNI-0423_S_P7FD945_AD_F_MPRAGE_ws,2,AD,1,MCI,0,0.9160728454589844,0.05901036038994789,0.11037763506174081,0.14837804436683655,0.02679627830424138,0.009412591928142346
ADNI-0880_S_P12C834_AD_M_MPRAGE_GRAPPA2_ws,2,AD,2,AD,1,1.0,0.1737213134765625,0.28862163126468643,0.3417220115661621,0.027699350496442638,0.01010520567249897
ADNI-1662_S_P0A0AD9_CN_M_Sagittal_3D_Accelerated_MPRAGE_ws,0,CN,0,CN,1,0.9999964237213135,0.1535419076681137,0.2975991427898407,0.3342694342136383,0.019920775090727948,0.006947308581559934
ADNI-1554_S_P058441_AD_F_MPRAGE_ws,2,AD,2,AD,1,0.999998927116394,0.09916820377111435,0.1597428798675537,0.18906977772712708,0.027660789938385385,0.010254662991504387
ADNI-0787_S_P5EB172_AD_F_Accelerated_Sagittal_MPRAGE_ws,2,AD,2,AD,1,1.0,0.1452244371175766,0.2352839708328246,0.28165727853775024,0.025362505458277066,0.00935161848143479
ADNI-0733_S_P4647E4_AD_M_Accelerated_Sagittal_MPRAGE_(MSV21)_ws,2,AD,2,AD,1,0.9999996423721313,0.11759921163320541,0.20689671039581298,0.26135414838790894,0.028990148781171926,0.010953166773917168
ADNI-1436_S_PD1E127_AD_M_MPRAGE_ws,2,AD,2,AD,1,0.9999961853027344,0.08564520627260208,0.13468634039163588,0.17767463624477386,0.02440432976227942,0.009072867670184007
ADNI-0716_S_PBA675D_MCI_F_Accelerated_Sagittal_MPRAGE_ws,1,MCI,1,MCI,1,0.9999552965164185,0.11619849503040314,0.20625701695680618,0.25153666734695435,0.02896791389016573,0.010110407482736684
ADNI-1148_S_PA72C1E_AD_F_MPRAGE_ws,2,AD,2,AD,1,0.9999972581863403,0.12940502166748047,0.17896060049533843,0.21487323939800262,0.020613966121506705,0.008001434287676325
ADNI-1982_S_P3EA484_MCI_M_Accelerated_Sagittal_MPRAGE_(MSV21)_ws,1,MCI,1,MCI,1,0.9999998807907104,0.14573636651039124,0.26424984037876126,0.31529223918914795,0.02823249498111079,0.009871974312009573
ADNI-0514_S_P49FA74_AD_F_Sagittal_3D_Accelerated_MPRAGE_ws,2,AD,2,AD,1,1.0,0.17948970198631287,0.3279082000255583,0.40606966614723206,0.02539520000660058,0.009159665170033648
ADNI-0621_S_PA2127C_AD_M_Sag_IR-FSPGR_ws,2,AD,2,AD,1,0.9182658195495605,0.051283739507198334,0.08361837118864057,0.12510138750076294,0.02191364737622768,0.008066781610663314
ADNI-0135_S_P242AB9_MCI_M_Sagittal_3D_Accelerated_MPRAGE_ws,1,MCI,0,CN,0,0.7374094128608704,0.05876343697309494,0.09876212701201435,0.12938140332698822,0.02465714418998268,0.008874744376258539
ADNI-0742_S_P5D78F5_CN_M_Accelerated_Sagittal_MPRAGE_(MSV21)_ws,0,CN,0,CN,1,0.9999998807907104,0.17942216992378235,0.2784322410821914,0.33700576424598694,0.024190332920959495,0.008824441162870138
ADNI-1252_S_P7A5A2B_AD_F_Accelerated_Sagittal_MPRAGE_ND_ws,2,AD,2,AD,1,0.9999997615814209,0.1287982016801834,0.20818646699190138,0.24678897857666016,0.023195920514455556,0.008676512293619008
ADNI-0843_S_PD7474E_CN_F_Accelerated_Sagittal_MPRAGE_Phase_A-P_ws,0,CN,0,CN,1,0.9999980926513672,0.15801475942134857,0.2658851742744446,0.3312360346317291,0.02491682252532271,0.008870360717169352
ADNI-1218_S_P0B32F5_CN_M_Accelerated_Sagittal_MPRAGE_ws,0,CN,0,CN,1,1.0,0.24245554208755493,0.4292602628469467,0.5141999125480652,0.025675222329530033,0.009045391667938394
ADNI-2053_S_PB6601B_MCI_F_Accelerated_Sagittal_MPRAGE_(MSV21)_ws,1,MCI,1,MCI,1,1.0,0.1661311835050583,0.29714093208312986,0.3445189893245697,0.024833757352014377,0.008681809250416148
ADNI-2026_S_P179EF4_MCI_F_Accelerated_Sagittal_MPRAGE_(MSV21)_ws,1,MCI,1,MCI,1,0.9991870522499084,0.11747028678655624,0.2554422289133071,0.338098406791687,0.025405218937003565,0.008751374218993562
ADNI-0767_S_PC48471_CN_M_MPRAGE_GRAPPA2_ws,0,CN,0,CN,1,0.9966385364532471,0.06734810769557953,0.142117802798748,0.2222209870815277,0.012923277911627904,0.004690697264698696
ADNI-1850_S_PDBC760_MCI_F_Accelerated_Sagittal_MPRAGE_ws,1,MCI,1,MCI,1,1.0,0.23212844133377075,0.45127269327640523,0.5598517656326294,0.029124768186585975,0.010124136233492469
ADNI-1672_S_P573B4C_MCI_F_MPRAGE_repeat_ws,1,MCI,1,MCI,1,0.9978427886962891,0.07757624983787537,0.15775215923786154,0.18583868443965912,0.026506707826126918,0.008978209595972491
ADNI-1020_S_P195EED_MCI_M_MPRAGE_Repeat_ws,1,MCI,2,AD,0,0.9999752044677734,0.10968444496393204,0.16079058200120924,0.18217125535011292,0.023971297801874816,0.009160883770046556
ADNI-0202_S_PFB539C_MCI_F_HS_Sagittal_MPRAGE_(MSV22)_ws,1,MCI,1,MCI,1,0.9999996423721313,0.1254861205816269,0.19399868994951247,0.2405475378036499,0.021591560714782524,0.008072326051856262
ADNI-0857_S_PA98C80_AD_F_Accelerated_Sagittal_MPRAGE_(MSV21)_ws,2,AD,2,AD,1,0.9999997615814209,0.11122394353151321,0.17473944276571274,0.2148045003414154,0.02386713410756394,0.008994250687814218
ADNI-0845_S_PE1D211_MCI_F_Accelerated_Sagittal_MPRAGE_(MSV21)_ws,1,MCI,1,MCI,1,0.9999263286590576,0.1299707293510437,0.2484826564788818,0.30044645071029663,0.024556339131059382,0.00851799534213838
ADNI-0438_S_P8E90D9_CN_M_Accelerated_Sagittal_MPRAGE_ws,0,CN,0,CN,1,1.0,0.18489252030849457,0.2942052066326141,0.34581688046455383,0.02206310401412887,0.007904227939440074
ADNI-1804_S_P316C4D_AD_M_MPRAGE_ws,2,AD,2,AD,1,1.0,0.16311591863632202,0.268716424703598,0.3174711763858795,0.025141836575146622,0.009249115024930912
ADNI-1581_S_P3D60F1_MCI_M_Accelerated_Sag_IR-FSPGR_ws,1,MCI,1,MCI,1,0.9999996423721313,0.1273786872625351,0.2132203623652458,0.24851150810718536,0.02685428721260682,0.009507226174750886
ADNI-1752_S_P029B32_AD_F_MPRAGE_GRAPPA2_ws,2,AD,2,AD,1,1.0,0.19740600883960724,0.3157107800245284,0.3785323202610016,0.026696241178654764,0.009717635605851172
ADNI-0355_S_P649726_MCI_M_Accelerated_Sagittal_MPRAGE_ws,1,MCI,1,MCI,1,1.0,0.15026827156543732,0.2512344658374786,0.29482513666152954,0.027691463660045466,0.009821831465363284
ADNI-1974_S_P9BD378_MCI_M_Accelerated_Sagittal_MPRAGE_(MSV21)_ws,1,MCI,1,MCI,1,0.9999724626541138,0.1641586571931839,0.3132874101400375,0.3824996054172516,0.03037069013644547,0.010571515799231837
ADNI-0538_S_P951D74_CN_M_MPRAGE_ws,0,CN,0,CN,1,0.9999921321868896,0.1145934909582138,0.19729824364185328,0.23620447516441345,0.024280282720559352,0.008660887540262393
ADNI-1500_S_PF9E854_MCI_M_Accelerated_Sagittal_IR-FSPGR_ws,1,MCI,1,MCI,1,0.8301283717155457,0.062761589884758,0.10150799974799156,0.13082446157932281,0.015232946589391392,0.0056206195258585384
ADNI-1526_S_P688808_CN_F_Accelerated_Sagittal_IR-FSPGR_ws,0,CN,0,CN,1,0.9999998807907104,0.16119717061519623,0.2821099996566772,0.3572593331336975,0.027346181572572164,0.009674343730735906
ADNI-1393_S_PC7CD8E_MCI_F_Accelerated_Sagittal_MPRAGE_ws,1,MCI,1,MCI,1,0.9999336004257202,0.12490112334489822,0.27582343518733976,0.346789687871933,0.02877467696345358,0.00968709159136259
ADNI-0448_S_PEE2753_CN_F_Accelerated_Sagittal_MPRAGE_ws,0,CN,0,CN,1,0.9999982118606567,0.14369773864746094,0.24839967042207714,0.3245165944099426,0.025254710283277946,0.008760550915509039
ADNI-0728_S_P984BA9_MCI_F_Accelerated_Sagittal_MPRAGE_(MSV21)_ws,1,MCI,1,MCI,1,0.9986770749092102,0.12415789067745209,0.2750692903995513,0.33902788162231445,0.021234099070791233,0.007153326715446302
