,Dice,CC,MAE,MI
count,954.0,954.0,954.0,954.0
mean,0.9947430908261913,0.7802197828012226,635.3393904008205,-0.6583677206352292
std,0.0020097660746033084,0.02426181241225162,51.95789639666769,0.014969061416054195
min,0.986038357611834,0.6410359472300579,494.3833618164063,-0.6976767734221282
25%,0.9935725847305539,0.7693381961827934,599.6121368408203,-0.6682733681502838
50%,0.9947399905164894,0.7833235388605129,630.9456787109375,-0.6591291865037696
75%,0.9960118686436886,0.7958250187488891,668.4163818359375,-0.6490994130631816
max,0.999714492737355,0.8342094326877728,869.5775756835938,-0.5953523592174662
CV%,0.20203870659047074,3.1096125664930527,8.177974981826436,2.2736627187024334
skew,-0.21636449884691417,-1.5817342711155884,0.586817048544668,0.38019943722505745
kurtosis,0.4685541924291048,4.964224850348277,0.9676373210792066,0.584561873202988
