MRI ID,label,CDR,MMSE,Group
OAS2_0001_MR2,0,0.0,30.0,Nondemented
OAS2_0004_MR2,0,0.0,27.0,Nondemented
OAS2_0005_MR3,0,0.0,30.0,Nondemented
OAS2_0008_MR2,0,0.0,29.0,Nondemented
OAS2_0012_MR3,0,0.0,29.0,Nondemented
OAS2_0013_MR3,0,0.0,29.0,Nondemented
OAS2_0017_MR5,0,0.0,27.0,Nondemented
OAS2_0022_MR2,0,0.0,29.0,Nondemented
OAS2_0027_MR4,0,0.0,30.0,Nondemented
OAS2_0029_MR2,0,0.0,30.0,Nondemented
OAS2_0030_MR2,0,0.0,30.0,Nondemented
OAS2_0034_MR4,0,0.0,30.0,Nondemented
OAS2_0035_MR2,0,0.0,27.0,Nondemented
OAS2_0036_MR5,0,0.0,29.0,Nondemented
OAS2_0042_MR2,0,0.0,29.0,Nondemented
OAS2_0045_MR2,0,0.0,29.0,Nondemented
OAS2_0047_MR2,0,0.0,27.0,Nondemented
OAS2_0049_MR3,0,0.0,30.0,Nondemented
OAS2_0051_MR3,0,0.0,30.0,Nondemented
OAS2_0052_MR2,0,0.0,30.0,Nondemented
OAS2_0053_MR2,0,0.0,28.0,Nondemented
OAS2_0055_MR2,0,0.0,27.0,Nondemented
OAS2_0056_MR2,0,0.0,30.0,Nondemented
OAS2_0057_MR3,0,0.0,30.0,Nondemented
OAS2_0061_MR3,0,0.0,30.0,Nondemented
OAS2_0062_MR3,0,0.0,29.0,Nondemented
OAS2_0067_MR4,0,0.0,28.0,Nondemented
OAS2_0068_MR2,0,0.0,29.0,Nondemented
OAS2_0069_MR2,0,0.0,30.0,Nondemented
OAS2_0070_MR5,0,0.0,30.0,Nondemented
OAS2_0073_MR5,0,0.0,29.0,Nondemented
OAS2_0076_MR3,0,0.0,30.0,Nondemented
OAS2_0077_MR2,0,0.0,29.0,Nondemented
OAS2_0078_MR3,0,0.0,30.0,Nondemented
OAS2_0085_MR2,0,0.0,27.0,Nondemented
OAS2_0086_MR2,0,0.0,28.0,Nondemented
OAS2_0090_MR3,0,0.0,30.0,Nondemented
OAS2_0091_MR2,0,0.0,29.0,Nondemented
OAS2_0094_MR2,0,0.0,30.0,Nondemented
OAS2_0095_MR3,0,0.0,29.0,Nondemented
OAS2_0096_MR2,0,0.0,28.0,Nondemented
OAS2_0097_MR2,0,0.0,30.0,Nondemented
OAS2_0100_MR3,0,0.0,30.0,Nondemented
OAS2_0101_MR3,0,0.0,30.0,Nondemented
OAS2_0105_MR2,0,0.0,30.0,Nondemented
OAS2_0109_MR2,0,0.0,29.0,Nondemented
OAS2_0117_MR4,0,0.0,29.0,Nondemented
OAS2_0119_MR3,0,0.0,30.0,Nondemented
OAS2_0121_MR2,0,0.0,30.0,Nondemented
OAS2_0122_MR2,0,0.0,30.0,Nondemented
OAS2_0126_MR3,0,0.0,29.0,Nondemented
OAS2_0128_MR2,0,0.0,29.0,Nondemented
OAS2_0129_MR3,0,0.0,29.0,Nondemented
OAS2_0131_MR2,0,0.0,25.0,Converted
OAS2_0135_MR2,0,0.0,27.0,Nondemented
OAS2_0138_MR2,0,0.0,28.0,Nondemented
OAS2_0141_MR2,0,0.0,29.0,Nondemented
OAS2_0142_MR2,0,0.0,28.0,Nondemented
OAS2_0143_MR3,0,0.0,29.0,Nondemented
OAS2_0147_MR4,0,0.0,30.0,Nondemented
OAS2_0149_MR2,0,0.0,30.0,Nondemented
OAS2_0152_MR3,0,0.0,29.0,Nondemented
OAS2_0154_MR2,0,0.0,28.0,Nondemented
OAS2_0156_MR2,0,0.0,30.0,Nondemented
OAS2_0158_MR2,0,0.0,29.0,Nondemented
OAS2_0161_MR3,0,0.0,29.0,Nondemented
OAS2_0169_MR2,0,0.0,30.0,Nondemented
OAS2_0171_MR3,0,0.0,30.0,Nondemented
OAS2_0174_MR3,0,0.0,30.0,Nondemented
OAS2_0177_MR2,0,0.0,28.0,Nondemented
OAS2_0178_MR3,0,0.0,30.0,Nondemented
OAS2_0183_MR4,0,0.0,30.0,Nondemented
OAS2_0186_MR3,0,0.0,30.0,Nondemented
OAS2_0002_MR3,1,0.5,22.0,Demented
OAS2_0009_MR2,1,0.5,24.0,Demented
OAS2_0010_MR2,1,0.5,29.0,Demented
OAS2_0016_MR2,1,0.5,23.0,Demented
OAS2_0018_MR4,1,0.5,27.0,Converted
OAS2_0020_MR3,1,0.5,26.0,Converted
OAS2_0021_MR2,1,0.5,25.0,Demented
OAS2_0023_MR2,1,0.5,21.0,Demented
OAS2_0026_MR2,1,0.5,27.0,Demented
OAS2_0031_MR3,1,0.5,28.0,Converted
OAS2_0032_MR2,1,0.5,24.0,Demented
OAS2_0037_MR4,1,0.5,26.0,Demented
OAS2_0039_MR2,1,0.5,25.0,Demented
OAS2_0040_MR3,1,0.5,23.0,Demented
OAS2_0041_MR3,1,0.5,28.0,Converted
OAS2_0043_MR2,1,0.5,26.0,Demented
OAS2_0054_MR2,1,0.5,24.0,Converted
OAS2_0058_MR3,1,0.5,29.0,Demented
OAS2_0060_MR2,1,0.5,28.0,Demented
OAS2_0063_MR2,1,0.5,27.0,Demented
OAS2_0064_MR3,1,0.5,18.0,Demented
OAS2_0066_MR2,1,0.5,30.0,Demented
OAS2_0075_MR2,1,0.5,22.0,Demented
OAS2_0080_MR3,1,0.5,28.0,Demented
OAS2_0081_MR2,1,0.5,26.0,Demented
OAS2_0092_MR2,1,0.5,27.0,Converted
OAS2_0098_MR2,1,0.5,28.0,Demented
OAS2_0099_MR2,1,0.5,23.0,Demented
OAS2_0102_MR3,1,0.5,30.0,Demented
OAS2_0103_MR3,1,0.5,30.0,Converted
OAS2_0108_MR2,1,0.5,27.0,Demented
OAS2_0111_MR2,1,0.5,17.0,Demented
OAS2_0112_MR2,1,0.5,20.0,Demented
OAS2_0113_MR2,1,0.5,28.0,Demented
OAS2_0116_MR2,1,0.5,28.0,Demented
OAS2_0118_MR2,1,0.5,26.0,Converted
OAS2_0124_MR2,1,0.5,27.0,Demented
OAS2_0127_MR5,1,0.5,30.0,Converted
OAS2_0133_MR3,1,0.5,28.0,Converted
OAS2_0134_MR2,1,0.5,28.0,Demented
OAS2_0137_MR2,1,0.5,30.0,Demented
OAS2_0139_MR2,1,0.5,29.0,Demented
OAS2_0140_MR3,1,0.5,25.0,Demented
OAS2_0144_MR2,1,0.5,30.0,Converted
OAS2_0145_MR2,1,0.5,29.0,Converted
OAS2_0159_MR2,1,0.5,28.0,Demented
OAS2_0162_MR2,1,0.5,22.0,Demented
OAS2_0172_MR2,1,0.5,29.0,Demented
OAS2_0175_MR3,1,0.5,28.0,Demented
OAS2_0176_MR3,1,0.5,30.0,Converted
OAS2_0179_MR2,1,0.5,26.0,Demented
OAS2_0182_MR2,1,0.5,20.0,Demented
OAS2_0185_MR3,1,0.5,26.0,Demented
OAS2_0007_MR4,2,1.0,27.0,Demented
OAS2_0014_MR2,2,1.0,16.0,Demented
OAS2_0028_MR2,2,1.0,21.0,Demented
OAS2_0044_MR3,2,1.0,22.0,Demented
OAS2_0046_MR2,2,1.0,22.0,Demented
OAS2_0048_MR5,2,1.0,4.0,Demented
OAS2_0050_MR2,2,1.0,17.0,Demented
OAS2_0071_MR2,2,1.0,28.0,Demented
OAS2_0079_MR3,2,1.0,16.0,Demented
OAS2_0088_MR2,2,1.0,20.0,Demented
OAS2_0089_MR3,2,1.0,27.0,Demented
OAS2_0104_MR2,2,1.0,17.0,Demented
OAS2_0106_MR2,2,1.0,21.0,Demented
OAS2_0114_MR2,2,1.0,27.0,Demented
OAS2_0146_MR2,2,1.0,20.0,Demented
OAS2_0150_MR2,2,1.0,27.0,Demented
OAS2_0157_MR2,2,1.0,18.0,Demented
OAS2_0160_MR2,2,1.0,29.0,Demented
OAS2_0165_MR2,2,1.0,17.0,Demented
OAS2_0181_MR3,2,1.0,,Demented
OAS2_0184_MR2,2,1.0,21.0,Demented
